Date,Description,Type,Amount,Status
28/03/2026,Payment received,CR,2000,SUCCESS
28/03/2026,Payment received,CR,1880,SUCCESS
28/03/2026,Payment received,CR,1490,SUCCESS
28/03/2026,Payment received,CR,1750,SUCCESS
28/03/2026,Payment received,CR,2310,SUCCESS
30/03/2026,Payment received,CR,1480,SUCCESS
30/03/2026,Payment received,CR,1580,SUCCESS
30/03/2026,Payment received,CR,1130,SUCCESS
31/03/2026,Payment received,CR,3030,SUCCESS
31/03/2026,Payment received,CR,1930,SUCCESS
31/03/2026,Payment received,CR,1630,SUCCESS
31/03/2026,Payment received,CR,2670,SUCCESS
01/04/2026,Payment received,CR,1640,SUCCESS
01/04/2026,Payment received,CR,4400,SUCCESS
01/04/2026,Payment received,CR,5960,SUCCESS
01/04/2026,Shop rent,DR,35000,SUCCESS
02/04/2026,Payment received,CR,2300,SUCCESS
02/04/2026,Payment received,CR,5930,SUCCESS
02/04/2026,Payment received,CR,3270,SUCCESS
02/04/2026,Payment received,CR,1850,SUCCESS
03/04/2026,Payment received,CR,2120,SUCCESS
03/04/2026,Payment received,CR,1910,SUCCESS
03/04/2026,Payment received,CR,3630,SUCCESS
03/04/2026,Payment received,CR,6240,SUCCESS
03/04/2026,Payment received,CR,1310,SUCCESS
04/04/2026,Payment received,CR,1270,SUCCESS
04/04/2026,Payment received,CR,3320,SUCCESS
04/04/2026,Payment received,CR,5860,SUCCESS
04/04/2026,Payment received,CR,3220,SUCCESS
04/04/2026,Payment received,CR,3410,SUCCESS
04/04/2026,Payment received,CR,5570,SUCCESS
06/04/2026,Payment received,CR,1810,SUCCESS
06/04/2026,Payment received,CR,5600,SUCCESS
06/04/2026,Payment received,CR,4700,SUCCESS
06/04/2026,Payment received,CR,2050,SUCCESS
06/04/2026,Payment received,CR,3400,SUCCESS
06/04/2026,Supplier payment,DR,71000,SUCCESS
07/04/2026,Payment received,CR,2390,SUCCESS
07/04/2026,Payment received,CR,1790,SUCCESS
07/04/2026,Payment received,CR,1470,SUCCESS
07/04/2026,Payment received,CR,1830,SUCCESS
07/04/2026,Payment received,CR,2030,SUCCESS
07/04/2026,Payment received,CR,3360,SUCCESS
08/04/2026,Payment received,CR,6370,SUCCESS
08/04/2026,Payment received,CR,4500,SUCCESS
08/04/2026,Payment received,CR,1810,SUCCESS
09/04/2026,Payment received,CR,2280,SUCCESS
09/04/2026,Payment received,CR,5700,SUCCESS
09/04/2026,Payment received,CR,980,FAILED
10/04/2026,Payment received,CR,1660,SUCCESS
10/04/2026,Payment received,CR,1460,SUCCESS
10/04/2026,Payment received,CR,2310,SUCCESS
10/04/2026,Payment received,CR,3970,SUCCESS
10/04/2026,Electricity bill,DR,9000,SUCCESS
11/04/2026,Payment received,CR,6090,SUCCESS
11/04/2026,Payment received,CR,2600,SUCCESS
11/04/2026,Payment received,CR,3530,SUCCESS
13/04/2026,Payment received,CR,1110,SUCCESS
13/04/2026,Payment received,CR,3380,SUCCESS
13/04/2026,Payment received,CR,1520,SUCCESS
13/04/2026,Payment received,CR,2090,SUCCESS
14/04/2026,Payment received,CR,1950,SUCCESS
14/04/2026,Payment received,CR,4010,SUCCESS
14/04/2026,Payment received,CR,2500,SUCCESS
14/04/2026,Payment received,CR,2450,SUCCESS
14/04/2026,Payment received,CR,3230,SUCCESS
15/04/2026,Payment received,CR,5830,SUCCESS
15/04/2026,Payment received,CR,3770,SUCCESS
15/04/2026,Payment received,CR,3660,SUCCESS
15/04/2026,Payment received,CR,1490,SUCCESS
15/04/2026,Payment received,CR,3460,SUCCESS
15/04/2026,Supplier payment,DR,44000,SUCCESS
16/04/2026,Payment received,CR,6330,SUCCESS
16/04/2026,Payment received,CR,2040,SUCCESS
16/04/2026,Payment received,CR,4250,SUCCESS
16/04/2026,Supplier payment,DR,37000,SUCCESS
17/04/2026,Payment received,CR,3310,SUCCESS
17/04/2026,Payment received,CR,4590,SUCCESS
17/04/2026,Payment received,CR,1400,SUCCESS
17/04/2026,Payment received,CR,1530,SUCCESS
17/04/2026,Payment received,CR,6330,SUCCESS
17/04/2026,Payment received,CR,6340,SUCCESS
18/04/2026,Payment received,CR,1520,FAILED
18/04/2026,Payment received,CR,1870,SUCCESS
18/04/2026,Payment received,CR,2050,SUCCESS
18/04/2026,Payment received,CR,2470,SUCCESS
20/04/2026,Payment received,CR,3140,SUCCESS
20/04/2026,Payment received,CR,3530,SUCCESS
20/04/2026,Payment received,CR,1570,SUCCESS
20/04/2026,Payment received,CR,3780,SUCCESS
21/04/2026,Payment received,CR,2180,SUCCESS
21/04/2026,Payment received,CR,1410,SUCCESS
21/04/2026,Payment received,CR,1040,SUCCESS
21/04/2026,Payment received,CR,6290,SUCCESS
21/04/2026,Payment received,CR,1260,SUCCESS
21/04/2026,Payment received,CR,5630,SUCCESS
22/04/2026,Payment received,CR,2440,SUCCESS
22/04/2026,Payment received,CR,1840,SUCCESS
22/04/2026,Payment received,CR,930,SUCCESS
23/04/2026,Payment received,CR,3070,SUCCESS
23/04/2026,Payment received,CR,6140,SUCCESS
23/04/2026,Payment received,CR,3210,SUCCESS
23/04/2026,Payment received,CR,2770,SUCCESS
24/04/2026,Payment received,CR,4560,SUCCESS
24/04/2026,Payment received,CR,2740,SUCCESS
24/04/2026,Payment received,CR,2650,SUCCESS
25/04/2026,Payment received,CR,3380,SUCCESS
25/04/2026,Payment received,CR,2090,SUCCESS
25/04/2026,Payment received,CR,1700,SUCCESS
25/04/2026,Payment received,CR,2350,SUCCESS
27/04/2026,Payment received,CR,4650,SUCCESS
27/04/2026,Payment received,CR,4250,SUCCESS
27/04/2026,Payment received,CR,1660,FAILED
27/04/2026,Payment received,CR,6060,SUCCESS
28/04/2026,Payment received,CR,3860,SUCCESS
28/04/2026,Payment received,CR,1340,SUCCESS
28/04/2026,Payment received,CR,2330,SUCCESS
28/04/2026,Payment received,CR,2550,SUCCESS
28/04/2026,Payment received,CR,1840,SUCCESS
28/04/2026,Payment received,CR,4860,SUCCESS
29/04/2026,Payment received,CR,4190,SUCCESS
29/04/2026,Payment received,CR,6390,SUCCESS
29/04/2026,Payment received,CR,2570,SUCCESS
29/04/2026,Payment received,CR,2040,SUCCESS
29/04/2026,Payment received,CR,2520,SUCCESS
30/04/2026,Payment received,CR,1970,SUCCESS
30/04/2026,Payment received,CR,1530,SUCCESS
30/04/2026,Payment received,CR,5510,SUCCESS
30/04/2026,Payment received,CR,4340,SUCCESS
30/04/2026,Payment received,CR,1520,SUCCESS
01/05/2026,Payment received,CR,1830,SUCCESS
01/05/2026,Payment received,CR,2590,SUCCESS
01/05/2026,Payment received,CR,2570,SUCCESS
01/05/2026,Shop rent,DR,35000,SUCCESS
02/05/2026,Payment received,CR,2940,SUCCESS
02/05/2026,Payment received,CR,2540,FAILED
02/05/2026,Payment received,CR,2850,SUCCESS
02/05/2026,Payment received,CR,5630,SUCCESS
04/05/2026,Payment received,CR,6190,SUCCESS
04/05/2026,Payment received,CR,4640,SUCCESS
04/05/2026,Payment received,CR,2490,SUCCESS
04/05/2026,Payment received,CR,2010,SUCCESS
04/05/2026,Payment received,CR,1010,FAILED
04/05/2026,Payment received,CR,3050,SUCCESS
05/05/2026,Payment received,CR,4640,SUCCESS
05/05/2026,Payment received,CR,3260,SUCCESS
05/05/2026,Payment received,CR,2550,SUCCESS
05/05/2026,Supplier payment,DR,65000,SUCCESS
06/05/2026,Payment received,CR,5500,SUCCESS
06/05/2026,Payment received,CR,3900,SUCCESS
06/05/2026,Payment received,CR,1240,SUCCESS
06/05/2026,Payment received,CR,1500,SUCCESS
06/05/2026,Payment received,CR,1800,SUCCESS
06/05/2026,Supplier payment,DR,66000,SUCCESS
07/05/2026,Payment received,CR,960,SUCCESS
07/05/2026,Payment received,CR,1380,SUCCESS
07/05/2026,Payment received,CR,1350,SUCCESS
07/05/2026,Payment received,CR,3300,SUCCESS
08/05/2026,Payment received,CR,4410,SUCCESS
08/05/2026,Payment received,CR,5690,SUCCESS
08/05/2026,Payment received,CR,1550,SUCCESS
08/05/2026,Payment received,CR,4890,SUCCESS
09/05/2026,Payment received,CR,1720,SUCCESS
09/05/2026,Payment received,CR,2300,SUCCESS
09/05/2026,Payment received,CR,2310,SUCCESS
09/05/2026,Payment received,CR,1680,SUCCESS
11/05/2026,Payment received,CR,1650,SUCCESS
11/05/2026,Payment received,CR,2820,SUCCESS
11/05/2026,Payment received,CR,5580,SUCCESS
12/05/2026,Payment received,CR,1800,SUCCESS
12/05/2026,Payment received,CR,1530,SUCCESS
12/05/2026,Payment received,CR,2490,SUCCESS
13/05/2026,Payment received,CR,5980,SUCCESS
13/05/2026,Payment received,CR,2550,SUCCESS
13/05/2026,Payment received,CR,2290,SUCCESS
13/05/2026,Payment received,CR,3520,SUCCESS
13/05/2026,Payment received,CR,3290,SUCCESS
13/05/2026,Payment received,CR,1460,SUCCESS
14/05/2026,Payment received,CR,2080,SUCCESS
14/05/2026,Payment received,CR,5870,SUCCESS
14/05/2026,Payment received,CR,3090,SUCCESS
14/05/2026,Payment received,CR,1900,SUCCESS
14/05/2026,Payment received,CR,1800,FAILED
15/05/2026,Payment received,CR,1840,SUCCESS
15/05/2026,Payment received,CR,5840,SUCCESS
15/05/2026,Payment received,CR,2290,SUCCESS
15/05/2026,Payment received,CR,2170,SUCCESS
15/05/2026,Payment received,CR,3360,SUCCESS
15/05/2026,Payment received,CR,2640,SUCCESS
15/05/2026,Supplier payment,DR,38000,SUCCESS
16/05/2026,Payment received,CR,6000,SUCCESS
16/05/2026,Payment received,CR,1470,SUCCESS
16/05/2026,Payment received,CR,4380,SUCCESS
16/05/2026,Payment received,CR,4440,SUCCESS
16/05/2026,Payment received,CR,1620,FAILED
16/05/2026,Payment received,CR,3700,SUCCESS
16/05/2026,Supplier payment,DR,38000,SUCCESS
18/05/2026,Payment received,CR,2820,SUCCESS
18/05/2026,Payment received,CR,4490,SUCCESS
18/05/2026,Payment received,CR,1660,SUCCESS
19/05/2026,Payment received,CR,1200,SUCCESS
19/05/2026,Payment received,CR,3310,SUCCESS
19/05/2026,Payment received,CR,2540,SUCCESS
19/05/2026,Payment received,CR,3440,SUCCESS
19/05/2026,Payment received,CR,4030,SUCCESS
20/05/2026,Payment received,CR,2300,SUCCESS
20/05/2026,Payment received,CR,4570,SUCCESS
20/05/2026,Payment received,CR,2320,SUCCESS
20/05/2026,Payment received,CR,5560,SUCCESS
20/05/2026,Payment received,CR,1710,SUCCESS
20/05/2026,Payment received,CR,3560,SUCCESS
21/05/2026,Payment received,CR,4830,SUCCESS
21/05/2026,Payment received,CR,6210,SUCCESS
21/05/2026,Payment received,CR,1410,SUCCESS
21/05/2026,Payment received,CR,1460,SUCCESS
21/05/2026,Payment received,CR,6200,SUCCESS
22/05/2026,Payment received,CR,6040,SUCCESS
22/05/2026,Payment received,CR,2510,SUCCESS
22/05/2026,Payment received,CR,3910,SUCCESS
22/05/2026,Payment received,CR,2670,SUCCESS
22/05/2026,Payment received,CR,2220,SUCCESS
23/05/2026,Payment received,CR,4520,SUCCESS
23/05/2026,Payment received,CR,2680,SUCCESS
23/05/2026,Payment received,CR,1480,SUCCESS
23/05/2026,Payment received,CR,3360,SUCCESS
23/05/2026,Payment received,CR,2310,SUCCESS
23/05/2026,Payment received,CR,2690,SUCCESS
25/05/2026,Payment received,CR,4390,SUCCESS
25/05/2026,Payment received,CR,1010,SUCCESS
25/05/2026,Payment received,CR,6250,SUCCESS
25/05/2026,Payment received,CR,1700,SUCCESS
25/05/2026,Payment received,CR,6070,SUCCESS
25/05/2026,Payment received,CR,1480,SUCCESS
26/05/2026,Payment received,CR,5600,SUCCESS
26/05/2026,Payment received,CR,850,SUCCESS
26/05/2026,Payment received,CR,2920,SUCCESS
27/05/2026,Payment received,CR,2300,SUCCESS
27/05/2026,Payment received,CR,4890,SUCCESS
27/05/2026,Payment received,CR,1290,SUCCESS
27/05/2026,Payment received,CR,2690,SUCCESS
27/05/2026,Payment received,CR,860,SUCCESS
28/05/2026,Payment received,CR,2900,SUCCESS
28/05/2026,Payment received,CR,2800,SUCCESS
28/05/2026,Payment received,CR,2230,SUCCESS
28/05/2026,Payment received,CR,2570,SUCCESS
28/05/2026,Payment received,CR,6360,SUCCESS
28/05/2026,Payment received,CR,1520,SUCCESS
29/05/2026,Payment received,CR,3490,SUCCESS
29/05/2026,Payment received,CR,3730,SUCCESS
29/05/2026,Payment received,CR,4250,FAILED
29/05/2026,Payment received,CR,3140,SUCCESS
29/05/2026,Payment received,CR,5750,SUCCESS
29/05/2026,Payment received,CR,2490,SUCCESS
30/05/2026,Payment received,CR,2630,SUCCESS
30/05/2026,Payment received,CR,6280,SUCCESS
30/05/2026,Payment received,CR,2820,SUCCESS
30/05/2026,Payment received,CR,1610,SUCCESS
30/05/2026,Payment received,CR,4060,SUCCESS
01/06/2026,Payment received,CR,4060,SUCCESS
01/06/2026,Payment received,CR,2000,SUCCESS
01/06/2026,Payment received,CR,3340,SUCCESS
01/06/2026,Payment received,CR,1920,SUCCESS
01/06/2026,Shop rent,DR,35000,SUCCESS
02/06/2026,Payment received,CR,1240,SUCCESS
02/06/2026,Payment received,CR,4470,SUCCESS
02/06/2026,Payment received,CR,5710,SUCCESS
02/06/2026,Payment received,CR,1550,SUCCESS
02/06/2026,Payment received,CR,4150,SUCCESS
02/06/2026,Payment received,CR,2680,SUCCESS
03/06/2026,Payment received,CR,4110,SUCCESS
03/06/2026,Payment received,CR,5750,SUCCESS
03/06/2026,Payment received,CR,5740,SUCCESS
03/06/2026,Payment received,CR,5530,SUCCESS
03/06/2026,Payment received,CR,3000,SUCCESS
04/06/2026,Payment received,CR,4040,SUCCESS
04/06/2026,Payment received,CR,1170,SUCCESS
04/06/2026,Payment received,CR,1970,SUCCESS
05/06/2026,Payment received,CR,3980,SUCCESS
05/06/2026,Payment received,CR,3550,SUCCESS
05/06/2026,Payment received,CR,1230,SUCCESS
05/06/2026,Payment received,CR,1800,SUCCESS
05/06/2026,Payment received,CR,5990,SUCCESS
05/06/2026,Supplier payment,DR,73000,SUCCESS
06/06/2026,Payment received,CR,2130,SUCCESS
06/06/2026,Payment received,CR,3380,SUCCESS
06/06/2026,Payment received,CR,2610,SUCCESS
06/06/2026,Payment received,CR,5960,SUCCESS
06/06/2026,Payment received,CR,1850,SUCCESS
06/06/2026,Payment received,CR,1810,SUCCESS
06/06/2026,Supplier payment,DR,61000,SUCCESS
08/06/2026,Payment received,CR,3400,SUCCESS
08/06/2026,Payment received,CR,1290,SUCCESS
08/06/2026,Payment received,CR,1460,SUCCESS
08/06/2026,Payment received,CR,6400,SUCCESS
08/06/2026,Payment received,CR,1790,SUCCESS
08/06/2026,Payment received,CR,6290,SUCCESS
09/06/2026,Payment received,CR,1570,SUCCESS
09/06/2026,Payment received,CR,2970,SUCCESS
09/06/2026,Payment received,CR,2750,SUCCESS
09/06/2026,Payment received,CR,1810,SUCCESS
10/06/2026,Payment received,CR,2610,SUCCESS
10/06/2026,Payment received,CR,2810,SUCCESS
10/06/2026,Payment received,CR,3030,SUCCESS
10/06/2026,Payment received,CR,5540,SUCCESS
10/06/2026,Payment received,CR,5790,SUCCESS
10/06/2026,Electricity bill,DR,11000,SUCCESS
11/06/2026,Payment received,CR,2790,SUCCESS
11/06/2026,Payment received,CR,2960,SUCCESS
11/06/2026,Payment received,CR,2290,SUCCESS
12/06/2026,Payment received,CR,6270,SUCCESS
12/06/2026,Payment received,CR,980,SUCCESS
12/06/2026,Payment received,CR,3470,SUCCESS
12/06/2026,Payment received,CR,3380,SUCCESS
13/06/2026,Payment received,CR,1610,SUCCESS
13/06/2026,Payment received,CR,2210,SUCCESS
13/06/2026,Payment received,CR,4860,SUCCESS
13/06/2026,Payment received,CR,2590,SUCCESS
13/06/2026,Payment received,CR,6200,SUCCESS
15/06/2026,Payment received,CR,1700,SUCCESS
15/06/2026,Payment received,CR,2310,SUCCESS
15/06/2026,Payment received,CR,2000,SUCCESS
15/06/2026,Payment received,CR,4360,SUCCESS
15/06/2026,Payment received,CR,4060,SUCCESS
15/06/2026,Payment received,CR,3730,SUCCESS
15/06/2026,Supplier payment,DR,40000,SUCCESS
16/06/2026,Payment received,CR,4510,SUCCESS
16/06/2026,Payment received,CR,1400,SUCCESS
16/06/2026,Payment received,CR,4140,SUCCESS
16/06/2026,Payment received,CR,4730,SUCCESS
16/06/2026,Supplier payment,DR,42000,SUCCESS
17/06/2026,Payment received,CR,1510,SUCCESS
17/06/2026,Payment received,CR,2320,SUCCESS
17/06/2026,Payment received,CR,4110,SUCCESS
17/06/2026,Payment received,CR,3840,SUCCESS
18/06/2026,Payment received,CR,2700,SUCCESS
18/06/2026,Payment received,CR,1330,SUCCESS
18/06/2026,Payment received,CR,2580,SUCCESS
18/06/2026,Payment received,CR,1460,SUCCESS
18/06/2026,Payment received,CR,4110,SUCCESS
19/06/2026,Payment received,CR,2990,SUCCESS
19/06/2026,Payment received,CR,2800,SUCCESS
19/06/2026,Payment received,CR,2250,SUCCESS
19/06/2026,Payment received,CR,1990,SUCCESS
20/06/2026,Payment received,CR,2440,SUCCESS
20/06/2026,Payment received,CR,1700,SUCCESS
20/06/2026,Payment received,CR,1690,SUCCESS
20/06/2026,Payment received,CR,3330,SUCCESS
22/06/2026,Payment received,CR,4490,SUCCESS
22/06/2026,Payment received,CR,6140,SUCCESS
22/06/2026,Payment received,CR,850,SUCCESS
22/06/2026,Payment received,CR,6090,SUCCESS
23/06/2026,Payment received,CR,2100,SUCCESS
23/06/2026,Payment received,CR,1360,SUCCESS
23/06/2026,Payment received,CR,3310,SUCCESS
23/06/2026,Payment received,CR,900,SUCCESS
23/06/2026,Payment received,CR,1600,SUCCESS
23/06/2026,Payment received,CR,1260,SUCCESS
24/06/2026,Payment received,CR,1530,SUCCESS
24/06/2026,Payment received,CR,1440,SUCCESS
24/06/2026,Payment received,CR,5860,SUCCESS
24/06/2026,Payment received,CR,2370,SUCCESS
24/06/2026,Payment received,CR,2280,SUCCESS
24/06/2026,Payment received,CR,2700,SUCCESS
25/06/2026,Payment received,CR,5680,SUCCESS
25/06/2026,Payment received,CR,5760,SUCCESS
25/06/2026,Payment received,CR,2600,SUCCESS
25/06/2026,Payment received,CR,2430,SUCCESS
25/06/2026,Payment received,CR,3360,SUCCESS
26/06/2026,Payment received,CR,1830,SUCCESS
26/06/2026,Payment received,CR,1660,SUCCESS
26/06/2026,Payment received,CR,6210,SUCCESS
26/06/2026,Payment received,CR,1520,SUCCESS
26/06/2026,Payment received,CR,4470,SUCCESS
26/06/2026,Payment received,CR,3930,SUCCESS
27/06/2026,Payment received,CR,1760,SUCCESS
27/06/2026,Payment received,CR,1220,SUCCESS
27/06/2026,Payment received,CR,2890,SUCCESS
27/06/2026,Payment received,CR,3200,SUCCESS
27/06/2026,Payment received,CR,2390,SUCCESS
29/06/2026,Payment received,CR,4650,SUCCESS
29/06/2026,Payment received,CR,1010,SUCCESS
29/06/2026,Payment received,CR,870,SUCCESS
29/06/2026,Payment received,CR,3580,SUCCESS
29/06/2026,Payment received,CR,3880,SUCCESS
29/06/2026,Payment received,CR,3250,SUCCESS
30/06/2026,Payment received,CR,5700,SUCCESS
30/06/2026,Payment received,CR,3100,SUCCESS
30/06/2026,Payment received,CR,1280,SUCCESS
30/06/2026,Payment received,CR,3010,SUCCESS
30/06/2026,Payment received,CR,920,SUCCESS
01/07/2026,Payment received,CR,6270,SUCCESS
01/07/2026,Payment received,CR,5810,SUCCESS
01/07/2026,Payment received,CR,900,SUCCESS
01/07/2026,Payment received,CR,1360,SUCCESS
01/07/2026,Payment received,CR,1570,SUCCESS
01/07/2026,Shop rent,DR,35000,SUCCESS
02/07/2026,Payment received,CR,1630,SUCCESS
02/07/2026,Payment received,CR,2380,SUCCESS
02/07/2026,Payment received,CR,4780,SUCCESS
03/07/2026,Payment received,CR,1580,SUCCESS
03/07/2026,Payment received,CR,6180,FAILED
03/07/2026,Payment received,CR,4590,SUCCESS
03/07/2026,Payment received,CR,5720,SUCCESS
03/07/2026,Payment received,CR,1530,SUCCESS
04/07/2026,Payment received,CR,1620,SUCCESS
04/07/2026,Payment received,CR,2560,SUCCESS
04/07/2026,Payment received,CR,4870,SUCCESS
06/07/2026,Payment received,CR,3320,SUCCESS
06/07/2026,Payment received,CR,2300,SUCCESS
06/07/2026,Payment received,CR,1060,SUCCESS
06/07/2026,Payment received,CR,2450,SUCCESS
06/07/2026,Payment received,CR,3440,SUCCESS
06/07/2026,Supplier payment,DR,70000,SUCCESS
07/07/2026,Payment received,CR,4800,SUCCESS
07/07/2026,Payment received,CR,6100,SUCCESS
07/07/2026,Payment received,CR,880,SUCCESS
07/07/2026,Payment received,CR,2930,SUCCESS
08/07/2026,Payment received,CR,4790,SUCCESS
08/07/2026,Payment received,CR,1680,SUCCESS
08/07/2026,Payment received,CR,1330,SUCCESS
08/07/2026,Payment received,CR,1940,SUCCESS
09/07/2026,Payment received,CR,900,SUCCESS
09/07/2026,Payment received,CR,1740,SUCCESS
09/07/2026,Payment received,CR,930,SUCCESS
10/07/2026,Payment received,CR,2880,SUCCESS
10/07/2026,Payment received,CR,1690,SUCCESS
10/07/2026,Payment received,CR,2460,SUCCESS
10/07/2026,Payment received,CR,1660,SUCCESS
10/07/2026,Payment received,CR,3110,SUCCESS
10/07/2026,Electricity bill,DR,9000,SUCCESS
11/07/2026,Payment received,CR,2900,SUCCESS
11/07/2026,Payment received,CR,2520,SUCCESS
11/07/2026,Payment received,CR,2560,SUCCESS
11/07/2026,Payment received,CR,3610,SUCCESS
13/07/2026,Payment received,CR,3290,SUCCESS
13/07/2026,Payment received,CR,4030,SUCCESS
13/07/2026,Payment received,CR,1640,SUCCESS
13/07/2026,Payment received,CR,1530,SUCCESS
13/07/2026,Payment received,CR,1930,SUCCESS
13/07/2026,Payment received,CR,2050,FAILED
14/07/2026,Payment received,CR,2560,FAILED
14/07/2026,Payment received,CR,5620,SUCCESS
14/07/2026,Payment received,CR,2130,SUCCESS
14/07/2026,Payment received,CR,3230,SUCCESS
15/07/2026,Payment received,CR,3090,SUCCESS
15/07/2026,Payment received,CR,1640,SUCCESS
15/07/2026,Payment received,CR,1820,SUCCESS
15/07/2026,Payment received,CR,2000,SUCCESS
15/07/2026,Payment received,CR,1710,SUCCESS
15/07/2026,Supplier payment,DR,36000,SUCCESS
16/07/2026,Payment received,CR,1320,SUCCESS
16/07/2026,Payment received,CR,3040,SUCCESS
16/07/2026,Payment received,CR,1980,SUCCESS
16/07/2026,Payment received,CR,2780,SUCCESS
16/07/2026,Payment received,CR,1290,SUCCESS
16/07/2026,Payment received,CR,2070,SUCCESS
16/07/2026,Supplier payment,DR,40000,SUCCESS
17/07/2026,Payment received,CR,6060,SUCCESS
17/07/2026,Payment received,CR,3240,SUCCESS
17/07/2026,Payment received,CR,3790,SUCCESS
17/07/2026,Payment received,CR,2840,SUCCESS
18/07/2026,Payment received,CR,1690,SUCCESS
18/07/2026,Payment received,CR,3970,SUCCESS
18/07/2026,Payment received,CR,1800,SUCCESS
18/07/2026,Payment received,CR,2530,SUCCESS
18/07/2026,Payment received,CR,1410,SUCCESS
20/07/2026,Payment received,CR,2690,SUCCESS
20/07/2026,Payment received,CR,1880,SUCCESS
20/07/2026,Payment received,CR,4350,SUCCESS
21/07/2026,Payment received,CR,2760,SUCCESS
21/07/2026,Payment received,CR,5540,FAILED
21/07/2026,Payment received,CR,4880,SUCCESS
22/07/2026,Payment received,CR,5520,SUCCESS
22/07/2026,Payment received,CR,4000,SUCCESS
22/07/2026,Payment received,CR,4890,SUCCESS
22/07/2026,Payment received,CR,4290,SUCCESS
22/07/2026,Payment received,CR,3060,SUCCESS
23/07/2026,Payment received,CR,6050,SUCCESS
23/07/2026,Payment received,CR,1730,SUCCESS
23/07/2026,Payment received,CR,4800,SUCCESS
24/07/2026,Payment received,CR,6080,FAILED
24/07/2026,Payment received,CR,4660,SUCCESS
24/07/2026,Payment received,CR,2330,SUCCESS
24/07/2026,Payment received,CR,1340,SUCCESS
24/07/2026,Payment received,CR,1240,SUCCESS
24/07/2026,Payment received,CR,2400,SUCCESS
25/07/2026,Payment received,CR,3320,SUCCESS
25/07/2026,Payment received,CR,6190,SUCCESS
25/07/2026,Payment received,CR,6150,FAILED
25/07/2026,Payment received,CR,3860,SUCCESS
27/07/2026,Payment received,CR,3070,SUCCESS
27/07/2026,Payment received,CR,1980,SUCCESS
27/07/2026,Payment received,CR,1170,SUCCESS
27/07/2026,Payment received,CR,4070,FAILED
27/07/2026,Payment received,CR,4530,SUCCESS
27/07/2026,Payment received,CR,3940,SUCCESS
28/07/2026,Payment received,CR,3010,SUCCESS
28/07/2026,Payment received,CR,2700,SUCCESS
28/07/2026,Payment received,CR,1660,SUCCESS
28/07/2026,Payment received,CR,2010,SUCCESS
29/07/2026,Payment received,CR,1950,SUCCESS
29/07/2026,Payment received,CR,4590,SUCCESS
29/07/2026,Payment received,CR,2100,SUCCESS
29/07/2026,Payment received,CR,2540,SUCCESS
30/07/2026,Payment received,CR,4860,SUCCESS
30/07/2026,Payment received,CR,1200,SUCCESS
30/07/2026,Payment received,CR,2910,SUCCESS
30/07/2026,Payment received,CR,4790,SUCCESS
30/07/2026,Payment received,CR,3390,SUCCESS
31/07/2026,Payment received,CR,950,SUCCESS
31/07/2026,Payment received,CR,3370,SUCCESS
31/07/2026,Payment received,CR,4010,SUCCESS
31/07/2026,Payment received,CR,1110,SUCCESS
31/07/2026,Payment received,CR,2820,SUCCESS
31/07/2026,Payment received,CR,1790,SUCCESS
01/08/2026,Payment received,CR,3390,SUCCESS
01/08/2026,Payment received,CR,4680,SUCCESS
01/08/2026,Payment received,CR,2050,SUCCESS
01/08/2026,Payment received,CR,2750,SUCCESS
01/08/2026,Payment received,CR,2870,SUCCESS
01/08/2026,Payment received,CR,6350,SUCCESS
01/08/2026,Shop rent,DR,35000,SUCCESS
03/08/2026,Payment received,CR,3030,SUCCESS
03/08/2026,Payment received,CR,2100,SUCCESS
03/08/2026,Payment received,CR,1460,SUCCESS
04/08/2026,Payment received,CR,5810,SUCCESS
04/08/2026,Payment received,CR,1050,SUCCESS
04/08/2026,Payment received,CR,6390,SUCCESS
04/08/2026,Payment received,CR,3090,SUCCESS
05/08/2026,Payment received,CR,1430,SUCCESS
05/08/2026,Payment received,CR,870,SUCCESS
05/08/2026,Payment received,CR,3320,SUCCESS
05/08/2026,Payment received,CR,5680,SUCCESS
05/08/2026,Payment received,CR,4800,SUCCESS
05/08/2026,Payment received,CR,2040,SUCCESS
05/08/2026,Supplier payment,DR,75000,SUCCESS
06/08/2026,Payment received,CR,3050,SUCCESS
06/08/2026,Payment received,CR,3200,SUCCESS
06/08/2026,Payment received,CR,2870,SUCCESS
06/08/2026,Payment received,CR,6010,SUCCESS
06/08/2026,Supplier payment,DR,68000,SUCCESS
07/08/2026,Payment received,CR,3030,SUCCESS
07/08/2026,Payment received,CR,1620,SUCCESS
07/08/2026,Payment received,CR,2660,SUCCESS
07/08/2026,Payment received,CR,1250,SUCCESS
07/08/2026,Payment received,CR,4690,SUCCESS
08/08/2026,Payment received,CR,2630,FAILED
08/08/2026,Payment received,CR,2800,SUCCESS
08/08/2026,Payment received,CR,1490,SUCCESS
08/08/2026,Payment received,CR,4780,SUCCESS
08/08/2026,Payment received,CR,1470,SUCCESS
08/08/2026,Payment received,CR,6300,SUCCESS
10/08/2026,Payment received,CR,1540,SUCCESS
10/08/2026,Payment received,CR,2030,FAILED
10/08/2026,Payment received,CR,1890,SUCCESS
10/08/2026,Electricity bill,DR,11000,SUCCESS
11/08/2026,Payment received,CR,2030,SUCCESS
11/08/2026,Payment received,CR,1400,SUCCESS
11/08/2026,Payment received,CR,1480,SUCCESS
11/08/2026,Payment received,CR,1000,SUCCESS
11/08/2026,Payment received,CR,4730,SUCCESS
12/08/2026,Payment received,CR,5580,FAILED
12/08/2026,Payment received,CR,4760,SUCCESS
12/08/2026,Payment received,CR,2100,SUCCESS
12/08/2026,Payment received,CR,1300,SUCCESS
12/08/2026,Payment received,CR,2390,SUCCESS
12/08/2026,Payment received,CR,4000,FAILED
13/08/2026,Payment received,CR,1470,SUCCESS
13/08/2026,Payment received,CR,2100,FAILED
13/08/2026,Payment received,CR,2770,SUCCESS
14/08/2026,Payment received,CR,1310,SUCCESS
14/08/2026,Payment received,CR,1600,SUCCESS
14/08/2026,Payment received,CR,6080,SUCCESS
14/08/2026,Payment received,CR,2560,SUCCESS
15/08/2026,Payment received,CR,860,SUCCESS
15/08/2026,Payment received,CR,1690,SUCCESS
15/08/2026,Payment received,CR,2120,SUCCESS
15/08/2026,Supplier payment,DR,40000,SUCCESS
17/08/2026,Payment received,CR,6100,SUCCESS
17/08/2026,Payment received,CR,1640,SUCCESS
17/08/2026,Payment received,CR,2300,SUCCESS
17/08/2026,Payment received,CR,5990,SUCCESS
17/08/2026,Payment received,CR,5840,SUCCESS
18/08/2026,Payment received,CR,2850,SUCCESS
18/08/2026,Payment received,CR,3970,SUCCESS
18/08/2026,Payment received,CR,1040,SUCCESS
18/08/2026,Payment received,CR,3240,SUCCESS
18/08/2026,Payment received,CR,2680,SUCCESS
19/08/2026,Payment received,CR,2770,SUCCESS
19/08/2026,Payment received,CR,1260,SUCCESS
19/08/2026,Payment received,CR,4200,SUCCESS
19/08/2026,Payment received,CR,1210,SUCCESS
19/08/2026,Payment received,CR,1850,SUCCESS
19/08/2026,Payment received,CR,5940,SUCCESS
20/08/2026,Payment received,CR,4250,SUCCESS
20/08/2026,Payment received,CR,2590,SUCCESS
20/08/2026,Payment received,CR,4590,SUCCESS
20/08/2026,Payment received,CR,3250,SUCCESS
20/08/2026,Payment received,CR,4580,SUCCESS
20/08/2026,Payment received,CR,3280,SUCCESS
21/08/2026,Payment received,CR,3810,SUCCESS
21/08/2026,Payment received,CR,2440,SUCCESS
21/08/2026,Payment received,CR,1430,SUCCESS
21/08/2026,Payment received,CR,2960,SUCCESS
21/08/2026,Payment received,CR,3710,SUCCESS
22/08/2026,Payment received,CR,2250,SUCCESS
22/08/2026,Payment received,CR,5970,SUCCESS
22/08/2026,Payment received,CR,4000,SUCCESS
22/08/2026,Payment received,CR,1390,SUCCESS
24/08/2026,Payment received,CR,3550,SUCCESS
24/08/2026,Payment received,CR,970,SUCCESS
24/08/2026,Payment received,CR,6250,SUCCESS
25/08/2026,Payment received,CR,3040,SUCCESS
25/08/2026,Payment received,CR,6250,SUCCESS
25/08/2026,Payment received,CR,1820,SUCCESS
25/08/2026,Payment received,CR,3450,SUCCESS
25/08/2026,Payment received,CR,4100,SUCCESS
26/08/2026,Payment received,CR,4100,SUCCESS
26/08/2026,Payment received,CR,1960,SUCCESS
26/08/2026,Payment received,CR,2100,SUCCESS
27/08/2026,Payment received,CR,3920,SUCCESS
27/08/2026,Payment received,CR,2050,SUCCESS
27/08/2026,Payment received,CR,2070,SUCCESS
27/08/2026,Payment received,CR,3500,SUCCESS
27/08/2026,Payment received,CR,2420,SUCCESS
28/08/2026,Payment received,CR,3270,SUCCESS
28/08/2026,Payment received,CR,910,SUCCESS
28/08/2026,Payment received,CR,5570,SUCCESS
28/08/2026,Payment received,CR,3200,SUCCESS
28/08/2026,Payment received,CR,3250,SUCCESS
29/08/2026,Payment received,CR,5910,SUCCESS
29/08/2026,Payment received,CR,4150,SUCCESS
29/08/2026,Payment received,CR,4210,SUCCESS
31/08/2026,Payment received,CR,1440,SUCCESS
31/08/2026,Payment received,CR,2240,SUCCESS
31/08/2026,Payment received,CR,2290,SUCCESS
31/08/2026,Payment received,CR,3370,SUCCESS
01/09/2026,Payment received,CR,4020,SUCCESS
01/09/2026,Payment received,CR,5930,SUCCESS
01/09/2026,Payment received,CR,2810,SUCCESS
01/09/2026,Shop rent,DR,35000,SUCCESS
02/09/2026,Payment received,CR,1920,SUCCESS
02/09/2026,Payment received,CR,1080,SUCCESS
02/09/2026,Payment received,CR,2060,SUCCESS
02/09/2026,Payment received,CR,3030,SUCCESS
02/09/2026,Payment received,CR,1530,SUCCESS
03/09/2026,Payment received,CR,3410,SUCCESS
03/09/2026,Payment received,CR,1600,SUCCESS
03/09/2026,Payment received,CR,5640,SUCCESS
03/09/2026,Payment received,CR,1650,SUCCESS
03/09/2026,Payment received,CR,2910,SUCCESS
04/09/2026,Payment received,CR,1520,SUCCESS
04/09/2026,Payment received,CR,3750,SUCCESS
04/09/2026,Payment received,CR,2500,SUCCESS
04/09/2026,Payment received,CR,3030,SUCCESS
04/09/2026,Payment received,CR,1220,SUCCESS
05/09/2026,Payment received,CR,6140,SUCCESS
05/09/2026,Payment received,CR,2060,FAILED
05/09/2026,Payment received,CR,2730,SUCCESS
05/09/2026,Supplier payment,DR,61000,SUCCESS
07/09/2026,Payment received,CR,2550,SUCCESS
07/09/2026,Payment received,CR,1730,SUCCESS
07/09/2026,Payment received,CR,2420,SUCCESS
07/09/2026,Payment received,CR,1310,SUCCESS
07/09/2026,Payment received,CR,5850,SUCCESS
07/09/2026,Payment received,CR,2280,SUCCESS
08/09/2026,Payment received,CR,2750,FAILED
08/09/2026,Payment received,CR,4070,SUCCESS
08/09/2026,Payment received,CR,3620,SUCCESS
08/09/2026,Payment received,CR,5610,FAILED
09/09/2026,Payment received,CR,2350,SUCCESS
09/09/2026,Payment received,CR,2220,SUCCESS
09/09/2026,Payment received,CR,3240,SUCCESS
09/09/2026,Payment received,CR,3930,SUCCESS
09/09/2026,Payment received,CR,1300,SUCCESS
09/09/2026,Payment received,CR,6160,SUCCESS
10/09/2026,Payment received,CR,2610,SUCCESS
10/09/2026,Payment received,CR,4730,SUCCESS
10/09/2026,Payment received,CR,1220,SUCCESS
10/09/2026,Payment received,CR,6070,SUCCESS
10/09/2026,Payment received,CR,1520,SUCCESS
10/09/2026,Electricity bill,DR,9000,SUCCESS
11/09/2026,Payment received,CR,1710,SUCCESS
11/09/2026,Payment received,CR,3210,SUCCESS
11/09/2026,Payment received,CR,870,SUCCESS
11/09/2026,Payment received,CR,2530,FAILED
12/09/2026,Payment received,CR,3090,SUCCESS
12/09/2026,Payment received,CR,3320,SUCCESS
12/09/2026,Payment received,CR,1190,SUCCESS
12/09/2026,Payment received,CR,6240,SUCCESS
12/09/2026,Payment received,CR,2640,SUCCESS
12/09/2026,Payment received,CR,4170,SUCCESS
14/09/2026,Payment received,CR,2380,SUCCESS
14/09/2026,Payment received,CR,6000,SUCCESS
14/09/2026,Payment received,CR,1660,SUCCESS
14/09/2026,Payment received,CR,4760,SUCCESS
15/09/2026,Payment received,CR,4060,SUCCESS
15/09/2026,Payment received,CR,3710,SUCCESS
15/09/2026,Payment received,CR,3750,SUCCESS
15/09/2026,Supplier payment,DR,44000,SUCCESS
16/09/2026,Payment received,CR,4710,SUCCESS
16/09/2026,Payment received,CR,2370,SUCCESS
16/09/2026,Payment received,CR,2740,SUCCESS
16/09/2026,Payment received,CR,1310,SUCCESS
16/09/2026,Payment received,CR,1580,SUCCESS
16/09/2026,Supplier payment,DR,38000,SUCCESS
17/09/2026,Payment received,CR,2370,SUCCESS
17/09/2026,Payment received,CR,4580,SUCCESS
17/09/2026,Payment received,CR,890,SUCCESS
18/09/2026,Payment received,CR,3300,SUCCESS
18/09/2026,Payment received,CR,1640,SUCCESS
18/09/2026,Payment received,CR,1860,FAILED
18/09/2026,Payment received,CR,2250,SUCCESS
18/09/2026,Payment received,CR,2940,SUCCESS
19/09/2026,Payment received,CR,1610,SUCCESS
19/09/2026,Payment received,CR,2600,SUCCESS
19/09/2026,Payment received,CR,2060,SUCCESS
21/09/2026,Payment received,CR,3020,SUCCESS
21/09/2026,Payment received,CR,2810,SUCCESS
21/09/2026,Payment received,CR,3080,SUCCESS
21/09/2026,Payment received,CR,3030,SUCCESS
22/09/2026,Payment received,CR,6200,SUCCESS
22/09/2026,Payment received,CR,6100,SUCCESS
22/09/2026,Payment received,CR,1160,SUCCESS
22/09/2026,Payment received,CR,2850,SUCCESS
22/09/2026,Payment received,CR,4010,SUCCESS
23/09/2026,Payment received,CR,2610,SUCCESS
23/09/2026,Payment received,CR,5840,SUCCESS
23/09/2026,Payment received,CR,2570,SUCCESS
23/09/2026,Payment received,CR,1050,SUCCESS
24/09/2026,Payment received,CR,6340,SUCCESS
24/09/2026,Payment received,CR,4560,SUCCESS
24/09/2026,Payment received,CR,1860,SUCCESS
24/09/2026,Payment received,CR,2030,SUCCESS
24/09/2026,Payment received,CR,3370,SUCCESS
25/09/2026,Payment received,CR,1800,SUCCESS
25/09/2026,Payment received,CR,2020,SUCCESS
25/09/2026,Payment received,CR,1370,SUCCESS
25/09/2026,Payment received,CR,1830,SUCCESS
25/09/2026,Payment received,CR,2030,SUCCESS
26/09/2026,Payment received,CR,1680,SUCCESS
26/09/2026,Payment received,CR,5860,SUCCESS
26/09/2026,Payment received,CR,2950,SUCCESS
26/09/2026,Payment received,CR,4820,SUCCESS
26/09/2026,Payment received,CR,5980,SUCCESS
28/09/2026,Payment received,CR,2680,SUCCESS
28/09/2026,Payment received,CR,4740,SUCCESS
28/09/2026,Payment received,CR,3610,SUCCESS
28/09/2026,Payment received,CR,2610,SUCCESS
29/09/2026,Payment received,CR,880,SUCCESS
29/09/2026,Payment received,CR,5880,SUCCESS
29/09/2026,Payment received,CR,3180,SUCCESS
29/09/2026,Payment received,CR,4660,SUCCESS
29/09/2026,Payment received,CR,4490,SUCCESS
29/09/2026,Payment received,CR,1610,SUCCESS
30/09/2026,Payment received,CR,1710,SUCCESS
30/09/2026,Payment received,CR,2320,SUCCESS
30/09/2026,Payment received,CR,4830,SUCCESS
30/09/2026,Payment received,CR,1740,SUCCESS
30/09/2026,Payment received,CR,6010,SUCCESS
30/09/2026,Payment received,CR,4080,SUCCESS
01/10/2026,Payment received,CR,1960,SUCCESS
01/10/2026,Payment received,CR,1590,SUCCESS
01/10/2026,Payment received,CR,2030,SUCCESS
01/10/2026,Shop rent,DR,35000,SUCCESS
02/10/2026,Payment received,CR,4800,SUCCESS
02/10/2026,Payment received,CR,3150,SUCCESS
02/10/2026,Payment received,CR,2720,SUCCESS
02/10/2026,Payment received,CR,1650,SUCCESS
02/10/2026,Payment received,CR,1730,SUCCESS
